Date,Group,Sap_Flow,TWaterFlux,pLWP,mLWP
10/4/19,Drought-sensitive canopy,184.0409754,82.24329213,-0.26337811,-0.679768985
10/4/19,Drought-sensitive understory,2.475988635,1.258050022,-0.299668845,-0.761326415
10/4/19,Drought-tolerant canopy,10.59894932,4.4054792,-0.437556311,-0.72255722
10/4/19,Drought-tolerant understory,4.399853986,2.055275861,-0.205223662,-0.702858115
10/5/19,Drought-sensitive canopy,182.9054438,95.86525501,-0.276927955,-0.708261036
10/5/19,Drought-sensitive understory,2.459209022,1.22579233,-0.320598016,-0.792857635
10/5/19,Drought-tolerant canopy,10.48479611,5.211921522,-0.471931782,-0.760979964
10/5/19,Drought-tolerant understory,4.442562651,2.023018168,-0.217037195,-0.756746795
10/6/19,Drought-sensitive canopy,181.5132781,92.66713517,-0.289259269,-0.736243746
10/6/19,Drought-sensitive understory,2.435851469,1.433163212,-0.341387909,-0.824380471
10/6/19,Drought-tolerant canopy,10.38008488,4.663540743,-0.505874239,-0.798191361
10/6/19,Drought-tolerant understory,4.488006369,2.092141796,-0.22826421,-0.808995417
10/7/19,Drought-sensitive canopy,179.9518125,96.01271875,-0.30062087,-0.763742231
10/7/19,Drought-sensitive understory,2.406777191,1.207359362,-0.361945757,-0.855570381
10/7/19,Drought-tolerant canopy,10.28878995,5.691178673,-0.539107575,-0.833975834
10/7/19,Drought-tolerant understory,4.546905864,1.944678057,-0.238955446,-0.859221182
10/8/19,Drought-sensitive canopy,178.3294212,89.60265435,-0.311261577,-0.790781606
10/8/19,Drought-sensitive understory,2.373859124,1.15206046,-0.382178789,-0.886102824
10/8/19,Drought-tolerant canopy,10.21249363,5.645096255,-0.571355687,-0.868117803
10/8/19,Drought-tolerant understory,4.626876623,1.815647285,-0.249161639,-0.907041294
10/9/19,Drought-sensitive canopy,176.6316878,84.38151634,-0.321430208,-0.817386983
10/9/19,Drought-sensitive understory,2.337377208,1.105978042,-0.401994238,-0.91565326
10/9/19,Drought-tolerant canopy,10.14870113,5.442333614,-0.602342471,-0.900401691
10/9/19,Drought-tolerant understory,4.723007392,1.829472011,-0.258933529,-0.952072953
10/10/19,Drought-sensitive canopy,174.8441956,79.42304812,-0.33137558,-0.843583479
10/10/19,Drought-sensitive understory,2.297611383,1.059895623,-0.421299332,-0.943897147
10/10/19,Drought-tolerant canopy,10.09491764,5.396251195,-0.63179182,-0.930611919
10/10/19,Drought-tolerant understory,4.830386917,1.714265965,-0.268321853,-0.993933362
10/11/19,Drought-sensitive canopy,172.9525283,80.66727342,-0.341346512,-0.869396208
10/11/19,Drought-sensitive understory,2.25484159,1.087545074,-0.440001303,-0.970509946
10/11/19,Drought-tolerant canopy,10.04864837,5.013767122,-0.659427632,-0.958532909
10/11/19,Drought-tolerant understory,4.944103944,2.069100586,-0.277377349,-1.032239722
10/12/19,Drought-sensitive canopy,170.9422694,78.17882282,-0.351591821,-0.894850284
10/12/19,Drought-sensitive understory,2.209347768,1.069112107,-0.458007383,-0.995167114
10/12/19,Drought-tolerant canopy,10.00739849,5.08289075,-0.684973801,-0.983949082
10/12/19,Drought-tolerant understory,5.059247221,1.981543991,-0.286150756,-1.066609234
10/13/19,Drought-sensitive canopy,168.7990023,77.58896787,-0.362360326,-0.919970822
10/13/19,Drought-sensitive understory,2.161409857,1.073720349,-0.475224801,-1.017544111
10/13/19,Drought-tolerant canopy,9.968673225,5.009158881,-0.708154223,-1.00664486
10/13/19,Drought-tolerant understory,5.170905492,2.225780809,-0.294692812,-1.096659102
10/14/19,Drought-sensitive canopy,166.5083105,79.38157395,-0.373900845,-0.944782937
10/14/19,Drought-sensitive understory,2.111307798,1.073720349,-0.491560789,-1.037316396
10/14/19,Drought-tolerant canopy,9.929977754,5.115148443,-0.728692794,-1.026404665
10/14/19,Drought-tolerant understory,5.274167506,2.354811581,-0.303054254,-1.122006526
10/15/19,Drought-sensitive canopy,164.0557776,76.54289697,-0.386462196,-0.969311742
10/15/19,Drought-sensitive understory,2.059321531,1.119802767,-0.506922576,-1.054159428
10/15/19,Drought-tolerant canopy,9.888817279,2.635914333,-0.746313408,-1.043012917
10/15/19,Drought-tolerant understory,5.364122007,2.474625868,-0.31128582,-1.142268709
10/16/19,Drought-sensitive canopy,161.4269871,74.57517771,-0.400293197,-0.993582353
10/16/19,Drought-sensitive understory,2.005730996,0.990771996,-0.521217395,-1.067748666
10/16/19,Drought-tolerant canopy,9.842696996,3.414707204,-0.760739962,-1.05625404
10/16/19,Drought-tolerant understory,5.435857743,2.410110483,-0.31943825,-1.157062852
10/17/19,Drought-sensitive canopy,158.6075224,72.713448,-0.415642666,-1.017619884
10/17/19,Drought-sensitive understory,1.950816133,1.02763793,-0.534352476,-1.07775957
10/17/19,Drought-tolerant canopy,9.789122101,3.658944021,-0.771696351,-1.065912454
10/17/19,Drought-tolerant understory,5.48446346,2.700429719,-0.32756228,-1.166006156
10/18/19,Drought-sensitive canopy,155.382218,55.73207682,-0.432759421,-1.04144945
10/18/19,Drought-sensitive understory,1.888328423,0.85252474,-0.546235049,-1.083867598
10/18/19,Drought-tolerant canopy,9.732340023,2.843285216,-0.778906469,-1.071772581
10/18/19,Drought-tolerant understory,5.520274586,2.244213776,-0.335708649,-1.168715825
10/19/19,Drought-sensitive canopy,151.6120472,66.36789899,-0.45189228,-1.065096165
10/19/19,Drought-sensitive understory,1.813478915,0.820267048,-0.556772345,-1.08574821
10/19/19,Drought-tolerant canopy,9.678103933,4.460778102,-0.782094214,-1.073618843
10/19/19,Drought-tolerant understory,5.556222774,2.792594555,-0.343928096,-1.164809059
10/20/19,Drought-sensitive canopy,147.396802,65.30339512,-0.473290061,-1.088585144
10/20/19,Drought-sensitive understory,1.728736899,0.764968146,-0.565871596,-1.083076864
10/20/19,Drought-tolerant canopy,9.626177638,3.695809956,-0.78098348,-1.071235661
10/20/19,Drought-tolerant understory,5.591291106,2.714254444,-0.352271357,-1.153903061
10/21/19,Drought-sensitive canopy,142.8362743,68.57985507,-0.497201583,-1.111941501
10/21/19,Drought-sensitive understory,1.636571666,0.718885727,-0.573440031,-1.07552902
10/21/19,Drought-tolerant canopy,9.576324948,4.340963814,-0.775298162,-1.064407457
10/21/19,Drought-tolerant understory,5.624462666,3.262635223,-0.360789171,-1.135615031
10/22/19,Drought-sensitive canopy,138.0302562,62.94858354,-0.523875663,-1.135190351
10/22/19,Drought-sensitive understory,1.539452508,0.640545616,-0.579384882,-1.062780137
10/22/19,Drought-tolerant canopy,9.528309669,4.80639624,-0.764762157,-1.052918652
10/22/19,Drought-tolerant understory,5.654720536,3.317934125,-0.369532276,-1.109562173
10/23/19,Drought-sensitive canopy,133.0785395,61.15597747,-0.553561119,-1.158356808
10/23/19,Drought-sensitive understory,1.439848715,0.635937374,-0.583613379,-1.044505674
10/23/19,Drought-tolerant canopy,9.48189561,5.363993502,-0.749099359,-1.036553669
10/23/19,Drought-tolerant understory,5.6810478,3.225769288,-0.378551411,-1.075361688
10/24/19,Drought-sensitive canopy,128.0809163,51.92566906,-0.586506769,-1.181465987
10/24/19,Drought-sensitive understory,1.340229578,0.566813746,-0.586032754,-1.02038109
10/24/19,Drought-tolerant canopy,9.43684658,5.078282508,-0.728033665,-1.015096929
10/24/19,Drought-tolerant understory,5.70242754,3.65433578,-0.387897312,-1.032630777
10/25/19,Drought-sensitive canopy,123.1371785,63.01770717,-0.622961432,-1.204543003
10/25/19,Drought-sensitive understory,1.243064389,0.548380779,-0.586550236,-0.990081844
10/25/19,Drought-tolerant canopy,9.392926385,4.414695683,-0.701288969,-0.988332853
10/25/19,Drought-tolerant understory,5.71784284,3.142820935,-0.39762072,-0.980986642
10/26/19,Drought-sensitive canopy,118.3471182,59.51544337,-0.655794843,-1.226060742
10/26/19,Drought-sensitive understory,1.150822437,0.493081877,-0.58613649,-0.959157173
10/26/19,Drought-tolerant canopy,9.349898836,5.073674266,-0.674108726,-0.960567703
10/26/19,Drought-tolerant understory,5.726276782,2.963099503,-0.404756836,-0.927202422
10/27/19,Drought-sensitive canopy,113.8105272,58.05923895,-0.679140116,-1.24491466
10/27/19,Drought-sensitive understory,1.065973015,0.442391217,-0.585969155,-0.933360655
10/27/19,Drought-tolerant canopy,9.307527739,5.396251195,-0.651466656,-0.936028486
10/27/19,Drought-tolerant understory,5.72671245,2.884759392,-0.407233155,-0.878200218
10/28/19,Drought-sensitive canopy,109.6271975,54.51089273,-0.695141137,-1.261763731
10/28/19,Drought-sensitive understory,0.990985413,0.405525282,-0.586265932,-0.91267426
10/28/19,Drought-tolerant canopy,9.265576903,4.451561618,-0.632682053,-0.914380744
10/28/19,Drought-tolerant understory,5.718132926,2.875542908,-0.406438851,-0.833820674
10/29/19,Drought-sensitive canopy,105.8969211,53.00399765,-0.705941792,-1.277266924
10/29/19,Drought-sensitive understory,0.928328923,0.465432426,-0.58724452,-0.897079959
10/29/19,Drought-tolerant canopy,9.223810136,3.686593472,-0.617074209,-0.895290017
10/29/19,Drought-tolerant understory,5.699521293,1.967719266,-0.403763097,-0.793904436
10/30/19,Drought-sensitive canopy,102.4175734,46.50176841,-0.713685969,-1.292083212
10/30/19,Drought-sensitive understory,0.873946904,0.364051105,-0.589122617,-0.886559724
10/30/19,Drought-tolerant canopy,9.187733903,3.345583576,-0.603962419,-0.878421845
10/30/19,Drought-tolerant understory,5.668931822,1.520719807,-0.400595068,-0.758292149
10/31/19,Drought-sensitive canopy,98.93425777,42.99950461,-0.720517553,-1.306871566
10/31/19,Drought-sensitive understory,0.82213992,0.271886269,-0.592117923,-0.881095525
10/31/19,Drought-tolerant canopy,9.161187856,4.285664912,-0.592665976,-0.863441769
10/31/19,Drought-tolerant understory,5.626342913,2.474625868,-0.398323937,-0.726824458
11/1/19,Drought-sensitive canopy,95.46760804,33.55721708,-0.728580432,-1.322290957
11/1/19,Drought-sensitive understory,0.772913065,0.235020334,-0.596448136,-0.880669333
11/1/19,Drought-tolerant canopy,9.141435584,4.437736892,-0.582504174,-0.850015329
11/1/19,Drought-tolerant understory,5.573623848,2.470017627,-0.398338877,-0.699342008
11/2/19,Drought-sensitive canopy,92.03825809,41.59399085,-0.733885513,-1.338182564
11/2/19,Drought-sensitive understory,0.726271433,0.221195608,-0.601632663,-0.885485652
11/2/19,Drought-tolerant canopy,9.125740676,4.2073248,-0.57474359,-0.838358002
11/2/19,Drought-tolerant understory,5.512643908,2.442368175,-0.39835107,-0.67724041
11/3/19,Drought-sensitive canopy,88.66684182,41.63085679,-0.732619451,-1.353962763
11/3/19,Drought-sensitive understory,0.682220118,0.281102752,-0.607263505,-0.895672123
11/3/19,Drought-tolerant canopy,9.111366719,4.599025357,-0.570595002,-0.82877741
11/3/19,Drought-tolerant understory,5.445272373,2.42854345,-0.396048387,-0.661424623
11/4/19,Drought-sensitive canopy,85.37399311,44.22990519,-0.727189753,-1.369653324
11/4/19,Drought-sensitive understory,0.640764215,0.216587367,-0.613667256,-0.911095418
11/4/19,Drought-tolerant canopy,9.095577302,4.423912167,-0.569294003,-0.821077315
11/4/19,Drought-tolerant understory,5.373378525,2.336378613,-0.392785043,-0.650999311
11/5/19,Drought-sensitive canopy,82.18034583,37.25763528,-0.720003921,-1.385276016
11/5/19,Drought-sensitive understory,0.601908817,0.221195608,-0.621170508,-0.93162221
11/5/19,Drought-tolerant canopy,9.075636015,4.308706121,-0.570076183,-0.815061478
11/5/19,Drought-tolerant understory,5.298831644,2.313337404,-0.38991525,-0.645069141
11/6/19,Drought-sensitive canopy,79.10653386,23.91677515,-0.713469463,-1.400852605
11/6/19,Drought-sensitive understory,0.565659018,0.156680223,-0.630099854,-0.957119173
11/6/19,Drought-tolerant canopy,9.048806445,2.972315987,-0.572177134,-0.810533658
11/6/19,Drought-tolerant understory,5.223501012,2.069100586,-0.388793221,-0.642738779
11/7/19,Drought-sensitive canopy,76.1731911,29.69551042,-0.709993882,-1.416404863
11/7/19,Drought-sensitive understory,0.532019914,0.211979125,-0.640781887,-0.987452978
11/7/19,Drought-tolerant canopy,9.012352181,4.599025357,-0.574832449,-0.807297617
11/7/19,Drought-tolerant understory,5.149255909,2.30412092,-0.390773169,-0.643112888
11/8/19,Drought-sensitive canopy,73.4009514,25.99509222,-0.711984683,-1.431954556
11/8/19,Drought-sensitive understory,0.500996597,0.193546157,-0.6535432,-1.0224903
11/8/19,Drought-tolerant canopy,8.963536811,3.58060391,-0.577277718,-0.805157116
11/8/19,Drought-tolerant understory,5.077965615,2.004585201,-0.397209307,-0.645296136
11/9/19,Drought-sensitive canopy,70.81044867,33.02726927,-0.718836794,-1.446429253
11/9/19,Drought-sensitive understory,0.472594162,0.170504948,-0.667175271,-1.066214361
11/9/19,Drought-tolerant canopy,8.899623925,4.271840186,-0.579213487,-0.805661544
11/9/19,Drought-tolerant understory,5.011499413,2.064492345,-0.408811605,-0.649943146
11/10/19,Drought-sensitive canopy,68.35438459,28.57109941,-0.728605788,-1.459252325
11/10/19,Drought-sensitive understory,0.446720675,0.179721432,-0.681104879,-1.119570678
11/10/19,Drought-tolerant canopy,8.826319369,3.838665453,-0.581363567,-0.809798215
11/10/19,Drought-tolerant understory,4.945580651,2.092141796,-0.424538538,-0.657558041
11/11/19,Drought-sensitive canopy,65.97457453,29.99965438,-0.741690139,-1.471189247
11/11/19,Drought-sensitive understory,0.423301484,0.170504948,-0.696611567,-1.17786936
11/11/19,Drought-tolerant canopy,8.750910197,4.161242382,-0.584498451,-0.816527773
11/11/19,Drought-tolerant understory,4.874955763,2.211956083,-0.443117073,-0.667019735
11/12/19,Drought-sensitive canopy,63.67532285,31.88442529,-0.758488323,-1.483005491
11/12/19,Drought-sensitive understory,0.402367605,0.221195608,-0.71497488,-1.23642052
11/12/19,Drought-tolerant canopy,8.673031801,3.681985231,-0.589388631,-0.824810862
11/12/19,Drought-tolerant understory,4.80002866,2.299512678,-0.46327418,-0.67720714
11/13/19,Drought-sensitive canopy,61.4609339,29.47431481,-0.779398813,-1.495466531
11/13/19,Drought-sensitive understory,0.383950054,0.207370883,-0.73747436,-1.290534268
11/13/19,Drought-tolerant canopy,8.592319574,3.893964355,-0.596804599,-0.833608126
11/13/19,Drought-tolerant understory,4.721203252,2.179698391,-0.483736827,-0.686999171
11/14/19,Drought-sensitive canopy,59.33571204,30.01808735,-0.804820085,-1.50933784
11/14/19,Drought-sensitive understory,0.368079849,0.207370883,-0.765389552,-1.335520715
11/14/19,Drought-tolerant canopy,8.508408909,3.511480282,-0.607516849,-0.84188021
11/14/19,Drought-tolerant understory,4.63888345,2.018409926,-0.503231984,-0.69527474
11/15/19,Drought-sensitive canopy,57.30396164,26.96282301,-0.835150614,-1.525384891
11/15/19,Drought-sensitive understory,0.354788005,0.239628576,-0.8,-1.366689971
11/15/19,Drought-tolerant canopy,8.420935201,4.903169318,-0.622295873,-0.848587759
11/15/19,Drought-tolerant understory,4.553473165,2.156657181,-0.520486618,-0.700912762
11/16/19,Drought-sensitive canopy,55.36998705,21.89836523,-0.870298466,-1.543669545
11/16/19,Drought-sensitive understory,0.34410554,0.216587367,-0.840806878,-1.386347841
11/16/19,Drought-tolerant canopy,8.329533842,4.368613265,-0.640305845,-0.854634809
11/16/19,Drought-tolerant understory,4.465376307,1.926245089,-0.536871218,-0.704593342
11/17/19,Drought-sensitive canopy,53.53809263,25.29003122,-0.90982724,-1.563427324
11/17/19,Drought-sensitive understory,0.336063469,0.184329674,-0.886458333,-1.400305712
11/17/19,Drought-tolerant canopy,8.233840225,4.327139088,-0.660268497,-0.861421509
11/17/19,Drought-tolerant understory,4.374996787,1.958502782,-0.554477459,-0.70781475
11/18/19,Drought-sensitive canopy,51.81258274,24.25317681,-0.953618707,-1.584184195
11/18/19,Drought-sensitive understory,0.33069281,0.184329674,-0.936954365,-1.409132076
11/18/19,Drought-tolerant canopy,8.133489744,3.926222048,-0.68229066,-0.868652667
11/18/19,Drought-tolerant understory,4.282738515,1.95389454,-0.573114084,-0.710683145
11/19/19,Drought-sensitive canopy,50.19776174,15.15650741,-1.001554637,-1.605466123
11/19/19,Drought-sensitive understory,0.328024579,0.138247255,-0.992294974,-1.413395421
11/19/19,Drought-tolerant canopy,8.028117792,3.658944021,-0.706479166,-0.87603309
11/19/19,Drought-tolerant understory,4.189005402,1.230400571,-0.592589839,-0.713304686
11/20/19,Drought-sensitive canopy,48.69793399,16.234836,-1.053516802,-1.626799075
11/20/19,Drought-sensitive understory,0.328089792,0.359442864,-1.052480159,-1.413664237
11/20/19,Drought-tolerant canopy,7.917359763,4.138201173,-0.732940846,-0.883267586
11/20/19,Drought-tolerant understory,4.094201358,1.700441239,-0.61271347,-0.715785532
11/21/19,Drought-sensitive canopy,47.31740385,19.4283476,-1.109386972,-1.647709017
11/21/19,Drought-sensitive understory,0.330919466,0.221195608,-1.117509921,-1.410507015
11/21/19,Drought-tolerant canopy,7.800851049,3.792583035,-0.761782531,-0.890060963
11/21/19,Drought-tolerant understory,3.998730295,1.72809069,-0.633293721,-0.718231842
11/22/19,Drought-sensitive canopy,46.0551105,27.87525489,-1.169046918,-1.667721914
11/22/19,Drought-sensitive understory,0.33645186,0.244236818,-1.187384259,-1.404492243
11/22/19,Drought-tolerant canopy,7.67863445,4.755705579,-0.793111054,-0.896118029
11/22/19,Drought-tolerant understory,3.902507579,2.198131358,-0.654139337,-0.720749775
11/23/19,Drought-sensitive canopy,44.90597063,24.71860923,-1.232378411,-1.686363734
11/23/19,Drought-sensitive understory,0.344601208,0.193546157,-1.262103175,-1.396188411
11/23/19,Drought-tolerant canopy,7.551098014,4.377829749,-0.827033244,-0.901143592
11/23/19,Drought-tolerant understory,3.805068986,1.907812122,-0.675059064,-0.72344549
11/24/19,Drought-sensitive canopy,43.86825487,20.14723333,-1.299263222,-1.703160442
11/24/19,Drought-sensitive understory,0.355362493,0.179721432,-1.341666667,-1.386164009
11/24/19,Drought-tolerant canopy,7.418395008,2.336378613,-0.863655935,-0.904842461
11/24/19,Drought-tolerant understory,3.706249033,1.723482448,-0.695861647,-0.726425146
11/25/19,Drought-sensitive canopy,42.94023385,17.75094757,NA,-1.718641665
11/25/19,Drought-sensitive understory,0.368730696,0.202762641,NA,-1.373634843
11/25/19,Drought-tolerant canopy,7.280678699,3.105955001,NA,-0.90758017
11/25/19,Drought-tolerant understory,3.60588224,1.543761017,NA,-0.729546609
11/26/19,Drought-sensitive canopy,42.12017821,23.8338268,NA,-1.733637834
11/26/19,Drought-sensitive understory,0.384700797,0.198154399,NA,-1.357569552
11/26/19,Drought-tolerant canopy,7.138102352,3.207336321,NA,-0.909898452
11/26/19,Drought-tolerant understory,3.503803124,1.67740003,NA,-0.732612602
11/27/19,Drought-sensitive canopy,41.40635857,16.59427887,NA,-1.748126127
11/27/19,Drought-sensitive understory,0.403267778,0.170504948,NA,-1.338165874
11/27/19,Drought-tolerant canopy,6.990819236,3.340975334,NA,-0.911766412
11/27/19,Drought-tolerant understory,3.399846205,1.308740683,NA,-0.735646566
11/28/19,Drought-sensitive canopy,40.79704555,19.05047177,NA,-1.762083717
11/28/19,Drought-sensitive understory,0.424426621,0.165896706,NA,-1.315621551
11/28/19,Drought-tolerant canopy,6.838982617,3.525305008,NA,-0.913153151
11/28/19,Drought-tolerant understory,3.293846,1.488462114,NA,-0.738671947
11/29/19,Drought-sensitive canopy,40.2905098,12.91690188,NA,-1.77548778
11/29/19,Drought-sensitive understory,0.448172306,0.10138132,NA,-1.290134321
11/29/19,Drought-tolerant canopy,6.68274576,2.410110483,NA,-0.914027772
11/29/19,Drought-tolerant understory,3.185637028,1.129019251,NA,-0.741712187
11/30/19,Drought-sensitive canopy,39.88502194,22.00896303,NA,-1.788315491
11/30/19,Drought-sensitive understory,0.474499816,0.248845059,NA,-1.261901923
11/30/19,Drought-tolerant canopy,6.522261934,3.446964897,NA,-0.914359378
11/30/19,Drought-tolerant understory,3.075053808,1.783389592,NA,-0.744790731
12/1/19,Drought-sensitive canopy,39.57885261,21.7739427,NA,-1.800544025
12/1/19,Drought-sensitive understory,0.50340413,0.152071981,NA,-1.231122097
12/1/19,Drought-tolerant canopy,6.357684405,2.036842894,NA,-0.914117072
12/1/19,Drought-tolerant understory,2.961930858,1.741915416,NA,-0.747931021
12/2/19,Drought-sensitive canopy,39.37027242,19.66336793,NA,-1.812150557
12/2/19,Drought-sensitive understory,0.534880232,0.152071981,NA,-1.519727715
12/2/19,Drought-tolerant canopy,6.189166439,2.488450594,NA,-0.913269957
12/2/19,Drought-tolerant understory,2.846102697,1.529936291,NA,-0.87396551
12/3/19,Drought-sensitive canopy,36.37036103,16.92607228,-1.052380952,-1.676190476
12/3/19,Drought-sensitive understory,0.353754967,0.147463739,-1.008333333,-1.808333333
12/3/19,Drought-tolerant canopy,6.046888208,2.70503796,-0.577777778,-0.713888889
12/3/19,Drought-tolerant understory,2.508941533,1.382472552,-0.746666667,-1
12/4/19,Drought-sensitive canopy,33.37044963,18.26707066,-1.017107584,-1.595831502
12/4/19,Drought-sensitive understory,0.172629701,0.221195608,-1.134259259,-1.714506173
12/4/19,Drought-tolerant canopy,5.904609978,2.884759392,-0.592655678,-0.732952381
12/4/19,Drought-tolerant understory,2.17178037,1.285699474,-0.718024691,-0.896222944
12/5/19,Drought-sensitive canopy,35.11388287,19.8246564,-0.968606702,-1.525562882
12/5/19,Drought-sensitive understory,0.289235442,0.27649451,-1.307407407,-1.585493827
12/5/19,Drought-tolerant canopy,6.066767743,3.45618138,-0.602840863,-0.753322751
12/5/19,Drought-tolerant understory,2.302551543,1.423946729,-0.678641975,-0.809859307
12/6/19,Drought-sensitive canopy,36.83023097,18.20255527,-0.933333333,-1.465384615
12/6/19,Drought-sensitive understory,0.402644402,0.40091704,-1.433333333,-1.491666667
12/6/19,Drought-tolerant canopy,6.226550444,3.622078087,-0.608333333,-0.775
12/6/19,Drought-tolerant understory,2.430297772,1.359431343,-0.65,-0.740909091
12/7/19,Drought-sensitive canopy,38.5202491,17.65878273,-0.901399417,-1.42172315
12/7/19,Drought-sensitive understory,0.512939932,0.359442864,-1.42951895,-1.414023324
12/7/19,Drought-tolerant canopy,6.384308951,2.88015115,-0.606127682,-0.803126336
12/7/19,Drought-tolerant understory,2.555180078,1.290307715,-0.630255102,-0.699086713
12/8/19,Drought-sensitive canopy,40.18469242,13.43763321,-0.850968578,-1.396720633
12/8/19,Drought-sensitive understory,0.620205384,0.267278027,-1.305709427,-1.298705863
12/8/19,Drought-tolerant canopy,6.540394135,3.40549072,-0.595222106,-0.83941583
12/8/19,Drought-tolerant understory,2.677359483,0.97694727,-0.604818594,-0.687630312
12/9/19,Drought-sensitive canopy,41.82431611,12.37773758,-0.790573372,-1.383950619
12/9/19,Drought-sensitive understory,0.724524108,0.165896706,-1.105855199,-1.163799806
12/9/19,Drought-tolerant canopy,6.695156867,3.064480824,-0.578622013,-0.878726271
12/9/19,Drought-tolerant understory,2.796997008,0.953906061,-0.576054422,-0.69682547
12/10/19,Drought-sensitive canopy,43.43987533,22.10112787,-0.728746356,-1.376986662
12/10/19,Drought-sensitive understory,0.825979456,0.147463739,-0.873906706,-1.027390671
12/10/19,Drought-tolerant canopy,6.848948018,3.05526434,-0.55933281,-0.915915452
12/10/19,Drought-tolerant understory,2.914253675,1.345606617,-0.546326531,-0.71695777
12/11/19,Drought-sensitive canopy,45.03212525,18.85692561,-0.674020084,-1.369402315
12/11/19,Drought-sensitive understory,0.924654778,0.110597804,-0.653814383,-0.907563978
12/11/19,Drought-tolerant canopy,7.002118458,3.133604452,-0.540359905,-0.945841162
12/11/19,Drought-tolerant understory,3.029290506,1.382472552,-0.517998866,-0.738312793
12/12/19,Drought-sensitive canopy,46.60182104,23.59419822,-0.634927114,-1.354771132
12/12/19,Drought-sensitive understory,1.020633426,0.35022638,-0.489528669,-0.822405248
12/12/19,Drought-tolerant canopy,7.155019059,3.672768747,-0.524708704,-0.963361192
12/12/19,Drought-tolerant understory,3.142268522,1.133627493,-0.493435374,-0.75117612
12/13/19,Drought-sensitive canopy,48.14971787,27.12871972,-0.62,-1.326666667
12/13/19,Drought-sensitive understory,1.11399875,0.824875289,-0.425,-0.79
12/13/19,Drought-tolerant canopy,7.308000692,3.101346759,-0.515384615,-0.963333333
12/13/19,Drought-tolerant understory,3.253348745,1.622101128,-0.475,-0.745833333
12/14/19,Drought-sensitive canopy,49.67657091,25.15178397,-0.612292101,-1.287231068
12/14/19,Drought-sensitive understory,1.204834103,0.783401113,-0.435495627,-0.777249757
12/14/19,Drought-tolerant canopy,7.461414227,3.364016544,-0.511385836,-0.947471655
12/14/19,Drought-tolerant understory,3.362692196,1.612884644,-0.461904762,-0.725522573
12/15/19,Drought-sensitive canopy,51.18176723,26.28080322,-0.592058864,-1.242890783
12/15/19,Drought-sensitive understory,1.293231307,0.640545616,-0.463046647,-0.743780369
12/15/19,Drought-tolerant canopy,7.615534515,3.253418739,-0.50970696,-0.920918367
12/15/19,Drought-tolerant understory,3.470497446,1.520719807,-0.451785714,-0.699958256
12/16/19,Drought-sensitive canopy,52.66352637,25.52505155,-0.563635985,-1.19364581
12/16/19,Drought-sensitive understory,1.379120458,0.589854956,-0.501749271,-0.696763848
12/16/19,Drought-tolerant canopy,7.769968194,3.322542367,-0.510347985,-0.883673469
12/16/19,Drought-tolerant understory,3.576646316,1.635925853,-0.444642857,-0.669140383
12/17/19,Drought-sensitive canopy,54.12085213,23.02738448,-0.531359156,-1.13949615
12/17/19,Drought-sensitive understory,1.462342313,0.571421988,-0.545699708,-0.643372206
12/17/19,Drought-tolerant canopy,7.924063812,3.258026981,-0.513308913,-0.835736961
12/17/19,Drought-tolerant understory,3.680824704,1.72809069,-0.44047619,-0.633068955
12/18/19,Drought-sensitive canopy,55.55274832,21.61726247,-0.499564071,-1.080441803
12/18/19,Drought-sensitive understory,1.542737627,0.552989021,-0.588994169,-0.590777454
12/18/19,Drought-tolerant canopy,8.077169919,2.755728621,-0.518589744,-0.777108844
12/18/19,Drought-tolerant understory,3.78271851,1.774173109,-0.439285714,-0.59174397
12/19/19,Drought-sensitive canopy,56.95821876,24.34994989,-0.472586422,-1.016482769
12/19/19,Drought-sensitive understory,1.620147156,0.354834622,-0.625728863,-0.546151603
12/19/19,Drought-tolerant canopy,8.228635061,2.981532471,-0.526190476,-0.707789116
12/19/19,Drought-tolerant understory,3.88201363,1.37786431,-0.441071429,-0.54516543
12/20/19,Drought-sensitive canopy,58.33626727,27.55728621,NA,NA
12/20/19,Drought-sensitive understory,1.694411657,0.870957708,NA,NA
12/20/19,Drought-tolerant canopy,8.37780779,2.589831914,NA,NA
12/20/19,Drought-tolerant understory,3.978395965,2.055275861,NA,NA
12/21/19,Drought-sensitive canopy,59.68589766,32.44202256,NA,NA
12/21/19,Drought-sensitive understory,1.765371886,0.97694727,NA,NA
12/21/19,Drought-tolerant canopy,8.524036652,3.907789081,NA,NA
12/21/19,Drought-tolerant understory,4.071551413,2.032234652,NA,NA
12/22/19,Drought-sensitive canopy,61.00611374,25.54348452,NA,NA
12/22/19,Drought-sensitive understory,1.832868598,0.815658806,NA,NA
12/22/19,Drought-tolerant canopy,8.666670198,3.640511054,NA,NA
12/22/19,Drought-tolerant understory,4.161165872,1.77878135,NA,NA
12/23/19,Drought-sensitive canopy,62.29591933,15.58968215,NA,NA
12/23/19,Drought-sensitive understory,1.896742551,0.580638472,NA,NA
12/23/19,Drought-tolerant canopy,8.805056975,3.082913791,NA,NA
12/23/19,Drought-tolerant understory,4.24692524,1.15206046,NA,NA
12/24/19,Drought-sensitive canopy,63.55431824,18.54356517,NA,NA
12/24/19,Drought-sensitive understory,1.956834499,0.608287923,NA,NA
12/24/19,Drought-tolerant canopy,8.938545534,3.327150609,NA,NA
12/24/19,Drought-tolerant understory,4.328515416,1.142843976,NA,NA
12/25/19,Drought-sensitive canopy,64.78031428,29.7369846,NA,NA
12/25/19,Drought-sensitive understory,2.0129852,0.857132982,NA,NA
12/25/19,Drought-tolerant canopy,9.066484421,4.198108317,NA,NA
12/25/19,Drought-tolerant understory,4.405622298,2.211956083,NA,NA
12/26/19,Drought-sensitive canopy,65.97270485,36.147049,NA,NA
12/26/19,Drought-sensitive understory,2.066589185,0.829483531,NA,NA
12/26/19,Drought-tolerant canopy,9.197982513,4.087510513,NA,NA
12/26/19,Drought-tolerant understory,4.480924678,1.783389592,NA,NA
12/27/19,Drought-sensitive canopy,67.1318305,28.57109941,NA,NA
12/27/19,Drought-sensitive understory,2.118827569,0.999988479,NA,NA
12/27/19,Drought-tolerant canopy,9.340383618,4.253407219,NA,NA
12/27/19,Drought-tolerant understory,4.556700643,1.986152233,NA,NA
12/28/19,Drought-sensitive canopy,68.25900981,24.54810428,NA,NA
12/28/19,Drought-sensitive understory,2.169220983,0.62672089,NA,NA
12/28/19,Drought-tolerant canopy,9.490388685,3.677376989,NA,NA
12/28/19,Drought-tolerant understory,4.632035039,1.253441781,NA,NA
12/29/19,Drought-sensitive canopy,69.35556135,37.73689243,NA,NA
12/29/19,Drought-sensitive understory,2.217290059,0.843308257,NA,NA
12/29/19,Drought-tolerant canopy,9.644698661,5.188880312,NA,NA
12/29/19,Drought-tolerant understory,4.706012711,2.221172567,NA,NA
12/30/19,Drought-sensitive canopy,70.42280369,30.59872582,NA,NA
12/30/19,Drought-sensitive understory,2.262555428,1.193534637,NA,NA
12/30/19,Drought-tolerant canopy,9.800014497,4.695798436,NA,NA
12/30/19,Drought-tolerant understory,4.777718505,2.308729162,NA,NA
12/31/19,Drought-sensitive canopy,71.46205541,32.99040334,NA,NA
12/31/19,Drought-sensitive understory,2.304537721,1.198142879,NA,NA
12/31/19,Drought-tolerant canopy,9.95303714,5.055241299,NA,NA
12/31/19,Drought-tolerant understory,4.846237265,2.668172026,NA,NA
1/1/20,Drought-sensitive canopy,72.47463507,39.09632378,NA,NA
1/1/20,Drought-sensitive understory,2.342757571,1.105978042,NA,NA
1/1/20,Drought-tolerant canopy,10.10046754,4.73266437,NA,NA
1/1/20,Drought-tolerant understory,4.910653839,2.373244548,NA,NA
1/2/20,Drought-sensitive canopy,73.46186126,38.52029355,NA,NA
1/2/20,Drought-sensitive understory,2.376735608,0.999988479,NA,NA
1/2/20,Drought-tolerant canopy,10.23900664,5.686570431,NA,NA
1/2/20,Drought-tolerant understory,4.97005307,2.30412092,NA,NA
1/3/20,Drought-sensitive canopy,74.42505254,38.63089135,NA,NA
1/3/20,Drought-sensitive understory,2.405992464,1.695832997,NA,NA
1/3/20,Drought-tolerant canopy,10.3653554,5.635879771,NA,NA
1/3/20,Drought-tolerant understory,5.023519805,2.95388302,NA,NA
1/4/20,Drought-sensitive canopy,75.36552749,39.74147763,NA,NA
1/4/20,Drought-sensitive understory,2.43004877,1.80182256,NA,NA
1/4/20,Drought-tolerant canopy,10.47621476,5.294869875,NA,NA
1/4/20,Drought-tolerant understory,5.070138888,3.12899621,NA,NA
1/5/20,Drought-sensitive canopy,76.28460468,43.83820463,NA,NA
1/5/20,Drought-sensitive understory,2.448425157,1.064503865,NA,NA
1/5/20,Drought-tolerant canopy,10.56828567,5.741869333,NA,NA
1/5/20,Drought-tolerant understory,5.108995166,2.870934667,NA,NA
1/6/20,Drought-sensitive canopy,77.15095851,39.13318971,NA,NA
1/6/20,Drought-sensitive understory,2.456218627,1.129019251,NA,NA
1/6/20,Drought-tolerant canopy,10.63564237,5.059849541,NA,NA
1/6/20,Drought-tolerant understory,5.134191934,2.391677515,NA,NA
1/7/20,Drought-sensitive canopy,77.94251647,45.73680027,NA,NA
1/7/20,Drought-sensitive understory,2.450717275,1.322565408,NA,NA
1/7/20,Drought-tolerant canopy,10.67775727,5.552931418,NA,NA
1/7/20,Drought-tolerant understory,5.1428602,2.668172026,NA,NA
1/8/20,Drought-sensitive canopy,78.67447679,35.56641053,NA,NA
1/8/20,Drought-sensitive understory,2.43472838,1.105978042,NA,NA
1/8/20,Drought-tolerant canopy,10.69942858,5.101323717,NA,NA
1/8/20,Drought-tolerant understory,5.138626375,2.207347842,NA,NA
1/9/20,Drought-sensitive canopy,79.3620377,21.38685038,NA,NA
1/9/20,Drought-sensitive understory,2.411059221,0.880174192,NA,NA
1/9/20,Drought-tolerant canopy,10.7054545,3.801799518,NA,NA
1/9/20,Drought-tolerant understory,5.125116871,1.695832997,NA,NA
1/10/20,Drought-sensitive canopy,80.02039743,33.46966049,NA,NA
1/10/20,Drought-sensitive understory,2.382517076,1.02763793,NA,NA
1/10/20,Drought-tolerant canopy,10.70063322,4.760313821,NA,NA
1/10/20,Drought-tolerant understory,5.105958101,2.285687953,NA,NA
1/11/20,Drought-sensitive canopy,80.66475421,39.83364247,NA,NA
1/11/20,Drought-sensitive understory,2.351909223,1.221184088,NA,NA
1/11/20,Drought-tolerant canopy,10.68976296,5.428508888,NA,NA
1/11/20,Drought-tolerant understory,5.084776477,2.963099503,NA,NA
1/12/20,Drought-sensitive canopy,81.31030625,43.22530846,NA,NA
1/12/20,Drought-sensitive understory,2.32204294,1.548369258,NA,NA
1/12/20,Drought-tolerant canopy,10.67764192,5.700395157,NA,NA
1/12/20,Drought-tolerant understory,5.06519841,3.069089066,NA,NA
1/13/20,Drought-sensitive canopy,81.97225179,40.63547655,NA,NA
1/13/20,Drought-sensitive understory,2.295725505,1.419338487,NA,NA
1/13/20,Drought-tolerant canopy,10.6690683,4.774138547,NA,NA
1/13/20,Drought-tolerant understory,5.050850312,2.893975876,NA,NA
1/14/20,Drought-sensitive canopy,82.66578907,41.93960899,NA,NA
1/14/20,Drought-sensitive understory,2.275764197,1.013813205,NA,NA
1/14/20,Drought-tolerant canopy,10.66884029,5.022983606,NA,NA
1/14/20,Drought-tolerant understory,5.045358596,2.52992477,NA,NA
1/15/20,Drought-sensitive canopy,83.4061163,34.08255665,NA,NA
1/15/20,Drought-sensitive understory,2.264966294,0.811050564,NA,NA
1/15/20,Drought-tolerant canopy,10.68175611,4.594417115,NA,NA
1/15/20,Drought-tolerant understory,5.052349673,2.050667619,NA,NA
1/16/20,Drought-sensitive canopy,84.17093437,17.76016405,NA,NA
1/16/20,Drought-sensitive understory,2.255364774,0.562205505,NA,NA
1/16/20,Drought-tolerant canopy,10.69333684,3.423923688,NA,NA
1/16/20,Drought-tolerant understory,5.062167962,1.087545074,NA,NA
1/17/20,Drought-sensitive canopy,84.92725498,38.13320123,NA,NA
1/17/20,Drought-sensitive understory,2.238335737,0.880174192,NA,NA
1/17/20,Drought-tolerant canopy,10.6883158,4.843262174,NA,NA
1/17/20,Drought-tolerant understory,5.064029585,1.995368717,NA,NA
1/18/20,Drought-sensitive canopy,85.67424254,44.66768816,NA,NA
1/18/20,Drought-sensitive understory,2.215701151,1.184318153,NA,NA
1/18/20,Drought-tolerant canopy,10.67030958,5.179663829,NA,NA
1/18/20,Drought-tolerant understory,5.059868506,2.806419281,NA,NA
1/19/20,Drought-sensitive canopy,86.41106149,41.89352657,NA,NA
1/19/20,Drought-sensitive understory,2.189282981,1.184318153,NA,NA
1/19/20,Drought-tolerant canopy,10.64293475,4.746489096,NA,NA
1/19/20,Drought-tolerant understory,5.05161869,2.345595097,NA,NA
1/20/20,Drought-sensitive canopy,87.13687625,36.27147153,NA,NA
1/20/20,Drought-sensitive understory,2.160903193,0.847916499,NA,NA
1/20/20,Drought-tolerant canopy,10.6098079,4.921602286,NA,NA
1/20/20,Drought-tolerant understory,5.041214103,1.999976959,NA,NA
1/21/20,Drought-sensitive canopy,87.85085123,19.65415145,NA,NA
1/21/20,Drought-sensitive understory,2.132383752,0.529947812,NA,NA
1/21/20,Drought-tolerant canopy,10.57454561,3.387057753,NA,NA
1/21/20,Drought-tolerant understory,5.030588709,1.331781892,NA,NA
1/22/20,Drought-sensitive canopy,88.55215088,30.65863297,NA,NA
1/22/20,Drought-sensitive understory,2.105546624,0.580638472,NA,NA
1/22/20,Drought-tolerant canopy,10.54076446,3.907789081,NA,NA
1/22/20,Drought-tolerant understory,5.021676474,1.580626951,NA,NA
1/23/20,Drought-sensitive canopy,89.23993961,47.98101404,NA,NA
1/23/20,Drought-sensitive understory,2.082213776,0.880174192,NA,NA
1/23/20,Drought-tolerant canopy,10.51208103,4.949251737,NA,NA
1/23/20,Drought-tolerant understory,5.016411362,2.281079711,NA,NA
1/24/20,Drought-sensitive canopy,89.91338184,46.69070633,NA,NA
1/24/20,Drought-sensitive understory,2.064207172,0.824875289,NA,NA
1/24/20,Drought-tolerant canopy,10.49211189,5.092107234,NA,NA
1/24/20,Drought-tolerant understory,5.016727339,2.175090149,NA,NA
1/25/20,Drought-sensitive canopy,90.57164201,43.77368924,NA,NA
1/25/20,Drought-sensitive understory,2.05334878,0.75114342,NA,NA
1/25/20,Drought-tolerant canopy,10.48447364,4.705014919,NA,NA
1/25/20,Drought-tolerant understory,5.024558369,1.866337945,NA,NA
1/26/20,Drought-sensitive canopy,91.21388453,46.875036,NA,NA
1/26/20,Drought-sensitive understory,2.051460564,0.870957708,NA,NA
1/26/20,Drought-tolerant canopy,10.49278285,5.087498992,NA,NA
1/26/20,Drought-tolerant understory,5.041838419,2.317945646,NA,NA
1/27/20,Drought-sensitive canopy,91.86344611,47.65843711,NA,NA
1/27/20,Drought-sensitive understory,2.057766959,0.930864852,NA,NA
1/27/20,Drought-tolerant canopy,10.51487669,5.13358141,NA,NA
1/27/20,Drought-tolerant understory,5.068757093,2.133615972,NA,NA
1/28/20,Drought-sensitive canopy,92.53603005,51.03627838,NA,NA
1/28/20,Drought-sensitive understory,2.069582844,1.02763793,NA,NA
1/28/20,Drought-tolerant canopy,10.54499661,5.175055587,NA,NA
1/28/20,Drought-tolerant understory,5.103122608,2.691213235,NA,NA
1/29/20,Drought-sensitive canopy,93.21935067,45.31284202,NA,NA
1/29/20,Drought-sensitive understory,2.08586585,1.124411009,NA,NA
1/29/20,Drought-tolerant canopy,10.58136561,4.672757226,NA,NA
1/29/20,Drought-tolerant understory,5.143296841,2.72807917,NA,NA
1/30/20,Drought-sensitive canopy,93.90112231,42.47416504,NA,NA
1/30/20,Drought-sensitive understory,2.105573609,0.958514303,NA,NA
1/30/20,Drought-tolerant canopy,10.62220672,5.281045149,NA,NA
1/30/20,Drought-tolerant understory,5.187641671,2.792594555,NA,NA
1/31/20,Drought-sensitive canopy,94.56905929,45.15155355,NA,NA
1/31/20,Drought-sensitive understory,2.127663752,0.990771996,NA,NA
1/31/20,Drought-tolerant canopy,10.66574294,5.179663829,NA,NA
1/31/20,Drought-tolerant understory,5.234518977,2.668172026,NA,NA
2/1/20,Drought-sensitive canopy,NA,49.68606352,NA,NA
2/1/20,Drought-sensitive understory,NA,1.235008813,NA,NA
2/1/20,Drought-tolerant canopy,NA,5.368601744,NA,NA
2/1/20,Drought-tolerant understory,NA,2.889367634,NA,NA
2/2/20,Drought-sensitive canopy,NA,52.04548335,NA,NA
2/2/20,Drought-sensitive understory,NA,1.267266506,NA,NA
2/2/20,Drought-tolerant canopy,NA,5.493024274,NA,NA
2/2/20,Drought-tolerant understory,NA,3.018398406,NA,NA
2/3/20,Drought-sensitive canopy,NA,35.41433854,NA,NA
2/3/20,Drought-sensitive understory,NA,0.898607159,NA,NA
2/3/20,Drought-tolerant canopy,NA,4.705014919,NA,NA
2/3/20,Drought-tolerant understory,NA,2.115183005,NA,NA
2/4/20,Drought-sensitive canopy,NA,44.62621398,NA,NA
2/4/20,Drought-sensitive understory,NA,1.138235735,NA,NA
2/4/20,Drought-tolerant canopy,NA,5.08289075,NA,NA
2/4/20,Drought-tolerant understory,NA,2.631306091,NA,NA
2/5/20,Drought-sensitive canopy,NA,38.78757157,NA,NA
2/5/20,Drought-sensitive understory,NA,0.999988479,NA,NA
2/5/20,Drought-tolerant canopy,NA,4.912385802,NA,NA
2/5/20,Drought-tolerant understory,NA,2.313337404,NA,NA
2/6/20,Drought-sensitive canopy,NA,49.83352726,NA,NA
2/6/20,Drought-sensitive understory,NA,1.239617055,NA,NA
2/6/20,Drought-tolerant canopy,NA,5.359385261,NA,NA
2/6/20,Drought-tolerant understory,NA,2.893975876,NA,NA
2/7/20,Drought-sensitive canopy,NA,55.93023122,NA,NA
2/7/20,Drought-sensitive understory,NA,1.27648299,NA,NA
2/7/20,Drought-tolerant canopy,NA,5.336344051,NA,NA
2/7/20,Drought-tolerant understory,NA,3.193511595,NA,NA
2/8/20,Drought-sensitive canopy,NA,51.12383498,NA,NA
2/8/20,Drought-sensitive understory,NA,1.267266506,NA,NA
2/8/20,Drought-tolerant canopy,NA,5.506848999,NA,NA
2/8/20,Drought-tolerant understory,NA,2.976924229,NA,NA
2/9/20,Drought-sensitive canopy,NA,43.10088593,NA,NA
2/9/20,Drought-sensitive understory,NA,1.023029689,NA,NA
2/9/20,Drought-tolerant canopy,NA,4.562159422,NA,NA
2/9/20,Drought-tolerant understory,NA,2.502275319,NA,NA
2/10/20,Drought-sensitive canopy,NA,38.02260343,NA,NA
2/10/20,Drought-sensitive understory,NA,0.990771996,NA,NA
2/10/20,Drought-tolerant canopy,NA,5.050633057,NA,NA
2/10/20,Drought-tolerant understory,NA,2.294904437,NA,NA
2/11/20,Drought-sensitive canopy,NA,29.73237636,NA,NA
2/11/20,Drought-sensitive understory,NA,0.75114342,NA,NA
2/11/20,Drought-tolerant canopy,NA,3.866314904,NA,NA
2/11/20,Drought-tolerant understory,NA,1.751131899,NA,NA
2/12/20,Drought-sensitive canopy,NA,43.65387496,NA,NA
2/12/20,Drought-sensitive understory,NA,1.156668702,NA,NA
2/12/20,Drought-tolerant canopy,NA,5.161230861,NA,NA
2/12/20,Drought-tolerant understory,NA,2.681996751,NA,NA
2/13/20,Drought-sensitive canopy,NA,50.10541353,NA,NA
2/13/20,Drought-sensitive understory,NA,1.313348925,NA,NA
2/13/20,Drought-tolerant canopy,NA,5.622055045,NA,NA
2/13/20,Drought-tolerant understory,NA,2.981532471,NA,NA
2/14/20,Drought-sensitive canopy,NA,44.79211069,NA,NA
2/14/20,Drought-sensitive understory,NA,1.184318153,NA,NA
2/14/20,Drought-tolerant canopy,NA,5.285653391,NA,NA
2/14/20,Drought-tolerant understory,NA,2.695821477,NA,NA
2/15/20,Drought-sensitive canopy,NA,51.66760752,NA,NA
2/15/20,Drought-sensitive understory,NA,1.354823101,NA,NA
2/15/20,Drought-tolerant canopy,NA,5.460766581,NA,NA
2/15/20,Drought-tolerant understory,NA,3.046047857,NA,NA
2/16/20,Drought-sensitive canopy,NA,50.58467068,NA,NA
2/16/20,Drought-sensitive understory,NA,1.359431343,NA,NA
2/16/20,Drought-tolerant canopy,NA,5.520673725,NA,NA
2/16/20,Drought-tolerant understory,NA,3.018398406,NA,NA
2/17/20,Drought-sensitive canopy,NA,50.08698056,NA,NA
2/17/20,Drought-sensitive understory,NA,1.313348925,NA,NA
2/17/20,Drought-tolerant canopy,NA,5.880116589,NA,NA
2/17/20,Drought-tolerant understory,NA,2.95388302,NA,NA
2/18/20,Drought-sensitive canopy,NA,52.31736962,NA,NA
2/18/20,Drought-sensitive understory,NA,1.345606617,NA,NA
2/18/20,Drought-tolerant canopy,NA,5.497632516,NA,NA
2/18/20,Drought-tolerant understory,NA,3.050656098,NA,NA
2/19/20,Drought-sensitive canopy,NA,46.15615027,NA,NA
2/19/20,Drought-sensitive understory,NA,1.165885186,NA,NA
2/19/20,Drought-tolerant canopy,NA,4.990725913,NA,NA
2/19/20,Drought-tolerant understory,NA,2.672780268,NA,NA
2/20/20,Drought-sensitive canopy,NA,51.10079377,NA,NA
2/20/20,Drought-sensitive understory,NA,1.258050022,NA,NA
2/20/20,Drought-tolerant canopy,NA,5.976889667,NA,NA
2/20/20,Drought-tolerant understory,NA,2.95388302,NA,NA
2/21/20,Drought-sensitive canopy,NA,29.16095437,NA,NA
2/21/20,Drought-sensitive understory,NA,0.718885727,NA,NA
2/21/20,Drought-tolerant canopy,NA,3.815624244,NA,NA
2/21/20,Drought-tolerant understory,NA,1.723482448,NA,NA
2/22/20,Drought-sensitive canopy,NA,21.44675753,NA,NA
2/22/20,Drought-sensitive understory,NA,0.506906602,NA,NA
2/22/20,Drought-tolerant canopy,NA,3.188903354,NA,NA
2/22/20,Drought-tolerant understory,NA,1.230400571,NA,NA
2/23/20,Drought-sensitive canopy,NA,40.39123973,NA,NA
2/23/20,Drought-sensitive understory,NA,1.009204963,NA,NA
2/23/20,Drought-tolerant canopy,NA,4.617458324,NA,NA
2/23/20,Drought-tolerant understory,NA,2.396285757,NA,NA
2/24/20,Drought-sensitive canopy,NA,49.14689923,NA,NA
2/24/20,Drought-sensitive understory,NA,1.290307715,NA,NA
2/24/20,Drought-tolerant canopy,NA,5.691178673,NA,NA
2/24/20,Drought-tolerant understory,NA,2.949274778,NA,NA
2/25/20,Drought-sensitive canopy,NA,51.28512344,NA,NA
2/25/20,Drought-sensitive understory,NA,1.294915957,NA,NA
2/25/20,Drought-tolerant canopy,NA,5.387034712,NA,NA
2/25/20,Drought-tolerant understory,NA,2.990748955,NA,NA
2/26/20,Drought-sensitive canopy,NA,46.26674808,NA,NA
2/26/20,Drought-sensitive understory,NA,1.138235735,NA,NA
2/26/20,Drought-tolerant canopy,NA,5.110540201,NA,NA
2/26/20,Drought-tolerant understory,NA,2.737295653,NA,NA
2/27/20,Drought-sensitive canopy,NA,51.89341137,NA,NA
2/27/20,Drought-sensitive understory,NA,1.248833539,NA,NA
2/27/20,Drought-tolerant canopy,NA,5.603622078,NA,NA
2/27/20,Drought-tolerant understory,NA,2.999965438,NA,NA